,Fitness,Iteration,Restarts,Time,current_restart,max_iters
0,146.0,0,20,0.004659817999709048,0,550
1,148.0,1,20,0.012629687000298873,0,550
2,150.0,2,20,0.01778569999987667,0,550
3,152.0,3,20,0.022997750000286032,0,550
4,154.0,4,20,0.028822834000493458,0,550
5,154.0,5,20,0.03393486999993911,0,550
6,154.0,6,20,0.036622650000026624,0,550
7,154.0,7,20,0.0391814249996969,0,550
8,154.0,8,20,0.04198766399986198,0,550
9,156.0,9,20,0.044608242999856884,0,550
10,156.0,10,20,0.04962714799967216,0,550
11,156.0,11,20,0.05230928299988591,0,550
12,156.0,12,20,0.05486511500021152,0,550
13,156.0,13,20,0.057660155999656126,0,550
14,156.0,14,20,0.06188367899994773,0,550
15,156.0,15,20,0.06452227699992363,0,550
16,158.0,16,20,0.06717101100002765,0,550
17,158.0,17,20,0.07237202200030879,0,550
18,158.0,18,20,0.07510810999974638,0,550
19,158.0,19,20,0.07786525000028632,0,550
20,158.0,20,20,0.08061053599976731,0,550
21,160.0,21,20,0.08317908899971371,0,550
22,162.0,22,20,0.08860516500044469,0,550
23,162.0,23,20,0.09403562900024554,0,550
24,164.0,24,20,0.09672750000027008,0,550
25,164.0,25,20,0.10172719900037919,0,550
26,166.0,26,20,0.10440202999961912,0,550
27,166.0,27,20,0.1103919990000577,0,550
28,166.0,28,20,0.11319303100026445,0,550
29,166.0,29,20,0.11576034300014726,0,550
30,166.0,30,20,0.11847915399994235,0,550
31,168.0,31,20,0.12100485599967215,0,550
32,168.0,32,20,0.12674847400012368,0,550
33,168.0,33,20,0.12944595600038156,0,550
34,168.0,34,20,0.132009939999989,0,550
35,170.0,35,20,0.13463164000040706,0,550
36,170.0,36,20,0.13975622599991766,0,550
37,170.0,37,20,0.14260709799964388,0,550
38,170.0,38,20,0.14521705799961637,0,550
39,170.0,39,20,0.1478537780003535,0,550
40,170.0,40,20,0.15038989200002106,0,550
41,170.0,41,20,0.15290879900021537,0,550
42,170.0,42,20,0.1555116019999332,0,550
43,170.0,43,20,0.15828921499996795,0,550
44,170.0,44,20,0.16086351400008425,0,550
45,170.0,45,20,0.16348511700016388,0,550
46,142.0,46,20,0.16607621999992261,1,550
47,142.0,47,20,0.182986632000393,1,550
48,144.0,48,20,0.18812165100007405,1,550
49,144.0,49,20,0.1908824669999376,1,550
50,146.0,50,20,0.1959998190004626,1,550
51,146.0,51,20,0.19856696500028193,1,550
52,146.0,52,20,0.2036329239999759,1,550
53,146.0,53,20,0.20624152799973672,1,550
54,146.0,54,20,0.2089855730000636,1,550
55,146.0,55,20,0.2115554219999467,1,550
56,146.0,56,20,0.2140930080004182,1,550
57,146.0,57,20,0.21664797100038413,1,550
58,146.0,58,20,0.21917085499990208,1,550
59,148.0,59,20,0.221710761000395,1,550
60,148.0,60,20,0.22451228499994613,1,550
61,148.0,61,20,0.2296491839997543,1,550
62,148.0,62,20,0.2322614459999386,1,550
63,148.0,63,20,0.23482491100003244,1,550
64,148.0,64,20,0.23743482999998378,1,550
65,148.0,65,20,0.2401007219996245,1,550
66,148.0,66,20,0.24290846300027624,1,550
67,150.0,67,20,0.24555013299959683,1,550
68,150.0,68,20,0.248101611000493,1,550
69,150.0,69,20,0.25308650999977544,1,550
70,150.0,70,20,0.2556490169999961,1,550
71,150.0,71,20,0.25841663099981815,1,550
72,150.0,72,20,0.2610241140000653,1,550
73,152.0,73,20,0.26360701700014033,1,550
74,152.0,74,20,0.2661992809998992,1,550
75,152.0,75,20,0.27126484499967773,1,550
76,152.0,76,20,0.27400086499983445,1,550
77,152.0,77,20,0.2766471229997478,1,550
78,154.0,78,20,0.279206336000243,1,550
79,154.0,79,20,0.28175213299982715,1,550
80,154.0,80,20,0.2869058650003353,1,550
81,154.0,81,20,0.28951031300039176,1,550
82,156.0,82,20,0.29225847300040186,1,550
83,156.0,83,20,0.29482146900045336,1,550
84,156.0,84,20,0.2997696909997103,1,550
85,156.0,85,20,0.30225169799996365,1,550
86,156.0,86,20,0.3047541040004944,1,550
87,156.0,87,20,0.30764001900024596,1,550
88,158.0,88,20,0.3101223769999706,1,550
89,158.0,89,20,0.31277108599988424,1,550
90,158.0,90,20,0.31775923799978045,1,550
91,160.0,91,20,0.32026139899971895,1,550
92,160.0,92,20,0.32391024099979404,1,550
93,160.0,93,20,0.3299147260004247,1,550
94,160.0,94,20,0.3341511560001891,1,550
95,160.0,95,20,0.3396984009996231,1,550
96,160.0,96,20,0.3433712149999337,1,550
97,160.0,97,20,0.34721159400032775,1,550
98,162.0,98,20,0.36136041700046917,1,550
99,162.0,99,20,0.36420323899983487,1,550
100,164.0,100,20,0.3719089440000971,1,550
101,164.0,101,20,0.37649921600041125,1,550
102,164.0,102,20,0.3854944209997484,1,550
103,164.0,103,20,0.3907337450000341,1,550
104,164.0,104,20,0.39647604699985095,1,550
105,164.0,105,20,0.3997835979998854,1,550
106,164.0,106,20,0.4028802929997255,1,550
107,164.0,107,20,0.4081040930004747,1,550
108,164.0,108,20,0.4121867490002842,1,550
109,164.0,109,20,0.41482418899977347,1,550
110,164.0,110,20,0.4177636140002505,1,550
111,149.0,111,20,0.42080568199980917,2,550
112,149.0,112,20,0.4244213370002399,2,550
113,149.0,113,20,0.438860301999739,2,550
114,149.0,114,20,0.44937169199965865,2,550
115,149.0,115,20,0.4530045860001337,2,550
116,151.0,116,20,0.45684855899980903,2,550
117,151.0,117,20,0.4605842090004444,2,550
118,153.0,118,20,0.4638283419999425,2,550
119,153.0,119,20,0.46949562299960235,2,550
120,153.0,120,20,0.47275497500049823,2,550
121,153.0,121,20,0.4784863969998696,2,550
122,153.0,122,20,0.4812599480001154,2,550
123,153.0,123,20,0.4838380399996822,2,550
124,153.0,124,20,0.48652851800034114,2,550
125,153.0,125,20,0.48913255400020716,2,550
126,155.0,126,20,0.49187151200021617,2,550
127,157.0,127,20,0.49478274900047836,2,550
128,157.0,128,20,0.49743901600049867,2,550
129,157.0,129,20,0.5026818309997907,2,550
130,157.0,130,20,0.5079494089995933,2,550
131,157.0,131,20,0.5106451009996817,2,550
132,157.0,132,20,0.5132484670002668,2,550
133,157.0,133,20,0.5158497729998999,2,550
134,157.0,134,20,0.5185723390004569,2,550
135,157.0,135,20,0.5211877239999012,2,550
136,157.0,136,20,0.5238124369998332,2,550
137,157.0,137,20,0.5264572610003597,2,550
138,160.0,138,20,0.5292719790004412,3,550
139,160.0,139,20,0.5321968119997109,3,550
140,160.0,140,20,0.5348208860004888,3,550
141,160.0,141,20,0.5463759840004059,3,550
142,160.0,142,20,0.5514789349999774,3,550
143,160.0,143,20,0.5541337840004417,3,550
144,160.0,144,20,0.5567620250003529,3,550
145,160.0,145,20,0.5593187759995999,3,550
146,160.0,146,20,0.5622552240001824,3,550
147,160.0,147,20,0.56481513000017,3,550
148,150.0,148,20,0.5674537920003786,4,550
149,151.0,149,20,0.5701094160003777,4,550
150,151.0,150,20,0.5728065040002548,4,550
151,151.0,151,20,0.575580059999993,4,550
152,151.0,152,20,0.5874006780004493,4,550
153,151.0,153,20,0.595521109999936,4,550
154,151.0,154,20,0.6006901600003403,4,550
155,151.0,155,20,0.6032551609996517,4,550
156,151.0,156,20,0.6058887380004307,4,550
157,151.0,157,20,0.608471802999702,4,550
158,151.0,158,20,0.6110538820003057,4,550
159,153.0,159,20,0.6139251869999498,4,550
160,153.0,160,20,0.6166119879999314,4,550
161,153.0,161,20,0.6192116020001777,4,550
162,153.0,162,20,0.6219014480002443,4,550
163,153.0,163,20,0.6244909970000663,4,550
164,153.0,164,20,0.6314342490004492,4,550
165,153.0,165,20,0.6340758850001293,4,550
166,153.0,166,20,0.6367839129998174,4,550
167,153.0,167,20,0.6393476439998267,4,550
168,153.0,168,20,0.6418681000004653,4,550
169,155.0,169,20,0.6444777169999725,4,550
170,157.0,170,20,0.647028037000382,4,550
171,157.0,171,20,0.6496792170000845,4,550
172,157.0,172,20,0.652488202999848,4,550
173,157.0,173,20,0.6550744710002618,4,550
174,157.0,174,20,0.660145255000316,4,550
175,157.0,175,20,0.665188771999965,4,550
176,157.0,176,20,0.6677232060001188,4,550
177,157.0,177,20,0.6702420970004823,4,550
178,157.0,178,20,0.6727586870001687,4,550
179,157.0,179,20,0.6752699150001717,4,550
180,157.0,180,20,0.6777907519999644,4,550
181,147.0,181,20,0.6803152829997998,5,550
182,147.0,182,20,0.6828438310003548,5,550
183,147.0,183,20,0.6853876280001714,5,550
184,147.0,184,20,0.6879445140002645,5,550
185,148.0,185,20,0.6904940399999759,5,550
186,148.0,186,20,0.7020689840001069,5,550
187,150.0,187,20,0.7071919159998288,5,550
188,150.0,188,20,0.7109980750001341,5,550
189,150.0,189,20,0.7135754190003354,5,550
190,152.0,190,20,0.7161204880003424,5,550
191,152.0,191,20,0.7212373430002117,5,550
192,152.0,192,20,0.7238237669998853,5,550
193,152.0,193,20,0.7289608480004972,5,550
194,152.0,194,20,0.7315249240000412,5,550
195,152.0,195,20,0.733998722999786,5,550
196,152.0,196,20,0.7389498949996778,5,550
197,152.0,197,20,0.7414268709999305,5,550
198,152.0,198,20,0.7438757310001165,5,550
199,152.0,199,20,0.7463613609997992,5,550
200,152.0,200,20,0.7489092670002719,5,550
201,148.0,201,20,0.7514047759996174,6,550
202,148.0,202,20,0.7538921169998503,6,550
203,148.0,203,20,0.7563877060001687,6,550
204,148.0,204,20,0.7588786520000212,6,550
205,148.0,205,20,0.7613654389997464,6,550
206,148.0,206,20,0.7639492919997792,6,550
207,148.0,207,20,0.7755873039996004,6,550
208,148.0,208,20,0.7808417690002898,6,550
209,149.0,209,20,0.7834590869997555,6,550
210,149.0,210,20,0.7859443590004958,6,550
211,149.0,211,20,0.7884379209999679,6,550
212,149.0,212,20,0.7909705479996774,6,550
213,149.0,213,20,0.7934430269997392,6,550
214,149.0,214,20,0.7959739520001676,6,550
215,149.0,215,20,0.7985140419996242,6,550
216,149.0,216,20,0.8034861910000473,6,550
217,149.0,217,20,0.8059686610004064,6,550
218,149.0,218,20,0.8084542340002372,6,550
219,149.0,219,20,0.8109433839999838,6,550
220,140.0,220,20,0.8134483490002822,7,550
221,142.0,221,20,0.8159664639997573,7,550
222,142.0,222,20,0.8184796010000355,7,550
223,144.0,223,20,0.8210235059996194,7,550
224,146.0,224,20,0.8234973879998506,7,550
225,148.0,225,20,0.8260367940001743,7,550
226,148.0,226,20,0.8286559240004863,7,550
227,148.0,227,20,0.8405254119998062,7,550
228,148.0,228,20,0.8499840080003196,7,550
229,150.0,229,20,0.8550274420003916,7,550
230,150.0,230,20,0.8575818130002517,7,550
231,150.0,231,20,0.8625202680004804,7,550
232,150.0,232,20,0.8680981409997912,7,550
233,152.0,233,20,0.8732783699997526,7,550
234,152.0,234,20,0.875831966000078,7,550
235,152.0,235,20,0.8783396110002286,7,550
236,152.0,236,20,0.8809555400002864,7,550
237,152.0,237,20,0.886223776999941,7,550
238,154.0,238,20,0.8889179210000293,7,550
239,154.0,239,20,0.892053462000149,7,550
240,154.0,240,20,0.8947122620002119,7,550
241,154.0,241,20,0.9035202459999709,7,550
242,154.0,242,20,0.906333087999883,7,550
243,154.0,243,20,0.9096091950004848,7,550
244,154.0,244,20,0.9123312060000899,7,550
245,154.0,245,20,0.9148067469996022,7,550
246,156.0,246,20,0.9197247909996804,7,550
247,156.0,247,20,0.922256462000405,7,550
248,156.0,248,20,0.9250671890004014,7,550
249,158.0,249,20,0.9276773150004374,7,550
250,160.0,250,20,0.9302289779998318,7,550
251,160.0,251,20,0.932722843999727,7,550
252,162.0,252,20,0.9352072230003614,7,550
253,162.0,253,20,0.9379219430002195,7,550
254,162.0,254,20,0.943629589000011,7,550
255,162.0,255,20,0.9461297090001608,7,550
256,162.0,256,20,0.948621102999823,7,550
257,162.0,257,20,0.9536426289996598,7,550
258,162.0,258,20,0.9589791979997244,7,550
259,162.0,259,20,0.9616160710002077,7,550
260,162.0,260,20,0.9667438610003956,7,550
261,162.0,261,20,0.969310428999961,7,550
262,162.0,262,20,0.9718815229998654,7,550
263,152.0,263,20,0.9746842550002839,8,550
264,152.0,264,20,0.9773427689997334,8,550
265,153.0,265,20,0.9799024180001652,8,550
266,153.0,266,20,0.9824762870002814,8,550
267,153.0,267,20,0.9850245839998024,8,550
268,155.0,268,20,0.9875764810003602,8,550
269,157.0,269,20,0.9903500789996542,8,550
270,157.0,270,20,0.9929325009998138,8,550
271,157.0,271,20,1.0062323649999598,8,550
272,159.0,272,20,1.0139988270002505,8,550
273,159.0,273,20,1.0166052829999899,8,550
274,161.0,274,20,1.0216753329996209,8,550
275,161.0,275,20,1.0244963670002107,8,550
276,161.0,276,20,1.0271496240002307,8,550
277,161.0,277,20,1.032342219000384,8,550
278,161.0,278,20,1.0375240780003878,8,550
279,161.0,279,20,1.0401313869997466,8,550
280,161.0,280,20,1.0428643670002202,8,550
281,161.0,281,20,1.048077557000397,8,550
282,161.0,282,20,1.050661647999732,8,550
283,161.0,283,20,1.0558032230001118,8,550
284,161.0,284,20,1.058412811999915,8,550
285,153.0,285,20,1.0609505310003442,9,550
286,153.0,286,20,1.0634480030003033,9,550
287,153.0,287,20,1.0659898370004157,9,550
288,155.0,288,20,1.0687360370002352,9,550
289,157.0,289,20,1.0712427199996455,9,550
290,157.0,290,20,1.073760708000009,9,550
291,157.0,291,20,1.0764283369999248,9,550
292,157.0,292,20,1.0792345359996034,9,550
293,159.0,293,20,1.0817883219997384,9,550
294,159.0,294,20,1.0953363779999563,9,550
295,159.0,295,20,1.1041319590003695,9,550
296,159.0,296,20,1.1074412560001292,9,550
297,159.0,297,20,1.1113703629998781,9,550
298,159.0,298,20,1.1230278880002516,9,550
299,159.0,299,20,1.1301880920000258,9,550
300,159.0,300,20,1.1332465220002632,9,550
301,159.0,301,20,1.1357383960003062,9,550
302,161.0,302,20,1.1387266689998796,9,550
303,161.0,303,20,1.1457635619999564,9,550
304,161.0,304,20,1.1492526020001606,9,550
305,161.0,305,20,1.1522253920002186,9,550
306,161.0,306,20,1.155476840999654,9,550
307,162.0,307,20,1.1588256160002857,9,550
308,162.0,308,20,1.1615776340004231,9,550
309,162.0,309,20,1.1641062480002802,9,550
310,162.0,310,20,1.1666207360003682,9,550
311,162.0,311,20,1.1691526750000776,9,550
312,164.0,312,20,1.1742712220002431,9,550
313,164.0,313,20,1.1768275719996382,9,550
314,164.0,314,20,1.179509921999852,9,550
315,164.0,315,20,1.1821525309997014,9,550
316,164.0,316,20,1.1847951279996778,9,550
317,164.0,317,20,1.1900386190000063,9,550
318,164.0,318,20,1.1926356060002945,9,550
319,164.0,319,20,1.1952355900002658,9,550
320,166.0,320,20,1.19943500699992,9,550
321,166.0,321,20,1.202067346000149,9,550
322,168.0,322,20,1.2072254309996424,9,550
323,168.0,323,20,1.2097981130000335,9,550
324,168.0,324,20,1.212398077999751,9,550
325,168.0,325,20,1.2150215660003596,9,550
326,170.0,326,20,1.2175825269996494,9,550
327,170.0,327,20,1.2201431189996583,9,550
328,170.0,328,20,1.2227154120000705,9,550
329,170.0,329,20,1.225299355000061,9,550
330,170.0,330,20,1.2304482720001033,9,550
331,170.0,331,20,1.2330115390004721,9,550
332,170.0,332,20,1.2381398870002158,9,550
333,172.0,333,20,1.240732129999742,9,550
334,172.0,334,20,1.2433706769998025,9,550
335,172.0,335,20,1.2461422110000058,9,550
336,172.0,336,20,1.2513555069999711,9,550
337,172.0,337,20,1.2539370220001729,9,550
338,172.0,338,20,1.2565400000003137,9,550
339,172.0,339,20,1.259113477000028,9,550
340,172.0,340,20,1.2617122970004857,9,550
341,172.0,341,20,1.264299266999842,9,550
342,172.0,342,20,1.2668821990000652,9,550
343,172.0,343,20,1.2720309810001709,9,550
344,134.0,344,20,1.2746112069999072,10,550
345,134.0,345,20,1.2905857140003718,10,550
346,134.0,346,20,1.2937924779998866,10,550
347,134.0,347,20,1.2964066399999865,10,550
348,134.0,348,20,1.2989680219998263,10,550
349,136.0,349,20,1.3015620369997123,10,550
350,138.0,350,20,1.3040881610004362,10,550
351,140.0,351,20,1.3065945449998253,10,550
352,141.0,352,20,1.3090747309997823,10,550
353,141.0,353,20,1.3116396880004686,10,550
354,141.0,354,20,1.3248939889999747,10,550
355,143.0,355,20,1.329895408000084,10,550
356,143.0,356,20,1.3324741639999047,10,550
357,145.0,357,20,1.3349709969998003,10,550
358,145.0,358,20,1.3374563950001175,10,550
359,145.0,359,20,1.339955411000119,10,550
360,145.0,360,20,1.345064846999776,10,550
361,145.0,361,20,1.3502335459997994,10,550
362,147.0,362,20,1.3554245929999524,10,550
363,149.0,363,20,1.3608400800003437,10,550
364,149.0,364,20,1.3633368869996048,10,550
365,151.0,365,20,1.3658336660000714,10,550
366,151.0,366,20,1.370811501999924,10,550
367,153.0,367,20,1.3733556500001214,10,550
368,155.0,368,20,1.378759170000194,10,550
369,155.0,369,20,1.381341909999719,10,550
370,157.0,370,20,1.3838444940001864,10,550
371,159.0,371,20,1.3863270749998264,10,550
372,159.0,372,20,1.3888356409997868,10,550
373,159.0,373,20,1.3945920510004726,10,550
374,159.0,374,20,1.3999055829999634,10,550
375,159.0,375,20,1.4023943809997945,10,550
376,159.0,376,20,1.4082088340001064,10,550
377,159.0,377,20,1.4113129979996302,10,550
378,159.0,378,20,1.416417129000365,10,550
379,159.0,379,20,1.4219779790000757,10,550
380,161.0,380,20,1.4247971830000097,10,550
381,161.0,381,20,1.4302914230001988,10,550
382,161.0,382,20,1.435457602000497,10,550
383,161.0,383,20,1.4379482829999688,10,550
384,161.0,384,20,1.4409202710003228,10,550
385,161.0,385,20,1.4438830970002527,10,550
386,161.0,386,20,1.446411408000131,10,550
387,161.0,387,20,1.4488981510003214,10,550
388,161.0,388,20,1.4513815230002365,10,550
389,161.0,389,20,1.4540181089996622,10,550
390,161.0,390,20,1.4569342969998615,10,550
391,156.0,391,20,1.4622176230004698,11,550
392,156.0,392,20,1.46471859400026,11,550
393,156.0,393,20,1.4680820550001954,11,550
394,158.0,394,20,1.4708870780004872,11,550
395,158.0,395,20,1.473860027000228,11,550
396,158.0,396,20,1.4764235490001738,11,550
397,158.0,397,20,1.4792115809996176,11,550
398,158.0,398,20,1.4817091400000209,11,550
399,158.0,399,20,1.486190507000174,11,550
400,160.0,400,20,1.4904449360001308,11,550
401,160.0,401,20,1.493364398000267,11,550
402,160.0,402,20,1.5084785540002486,11,550
403,162.0,403,20,1.517524869999761,11,550
404,162.0,404,20,1.5201676610004142,11,550
405,162.0,405,20,1.5228335580004568,11,550
406,162.0,406,20,1.528097174999857,11,550
407,162.0,407,20,1.530698088000463,11,550
408,162.0,408,20,1.5332948140003282,11,550
409,162.0,409,20,1.5358954710000035,11,550
410,164.0,410,20,1.5384936230002495,11,550
411,164.0,411,20,1.541174470000442,11,550
412,164.0,412,20,1.546327848999681,11,550
413,164.0,413,20,1.548953172000438,11,550
414,164.0,414,20,1.5515672219999033,11,550
415,164.0,415,20,1.556713371999649,11,550
416,166.0,416,20,1.5593188379998537,11,550
417,166.0,417,20,1.5619119929997396,11,550
418,166.0,418,20,1.5644686980003826,11,550
419,166.0,419,20,1.5670736680003756,11,550
420,166.0,420,20,1.5696892550004122,11,550
421,168.0,421,20,1.5722738040003605,11,550
422,168.0,422,20,1.577391243999955,11,550
423,168.0,423,20,1.579992740000307,11,550
424,168.0,424,20,1.5825850170003832,11,550
425,168.0,425,20,1.5851938140003767,11,550
426,168.0,426,20,1.587773062999986,11,550
427,168.0,427,20,1.59033206300046,11,550
428,168.0,428,20,1.5954456170002231,11,550
429,168.0,429,20,1.598058638999646,11,550
430,170.0,430,20,1.6006477930004621,11,550
431,170.0,431,20,1.6032128469996678,11,550
432,170.0,432,20,1.6058049109997228,11,550
433,170.0,433,20,1.6108840850001798,11,550
434,170.0,434,20,1.6139848510001684,11,550
435,170.0,435,20,1.617015951999747,11,550
436,170.0,436,20,1.619582561000243,11,550
437,170.0,437,20,1.6221209699997416,11,550
438,170.0,438,20,1.6246395850002955,11,550
439,170.0,439,20,1.6272368130003088,11,550
440,170.0,440,20,1.6297951650003597,11,550
441,150.0,441,20,1.6325533380004345,12,550
442,152.0,442,20,1.637598350999724,12,550
443,154.0,443,20,1.6401337130000684,12,550
444,154.0,444,20,1.642650804999903,12,550
445,154.0,445,20,1.6452226809997228,12,550
446,154.0,446,20,1.6477150840000832,12,550
447,154.0,447,20,1.6502450580001096,12,550
448,156.0,448,20,1.6527700599999662,12,550
449,156.0,449,20,1.6553301269996155,12,550
450,156.0,450,20,1.6578198229999543,12,550
451,156.0,451,20,1.6603239349997239,12,550
452,156.0,452,20,1.662924631000351,12,550
453,156.0,453,20,1.6773718309996184,12,550
454,158.0,454,20,1.682876460999978,12,550
455,158.0,455,20,1.6879464730000109,12,550
456,158.0,456,20,1.6930185809997056,12,550
457,158.0,457,20,1.6956193309997616,12,550
458,158.0,458,20,1.698169381000298,12,550
459,158.0,459,20,1.7024240749997261,12,550
460,158.0,460,20,1.7051512839998395,12,550
461,158.0,461,20,1.7102717779998784,12,550
462,158.0,462,20,1.7128523600003973,12,550
463,160.0,463,20,1.7154104179999194,12,550
464,162.0,464,20,1.7179532199997993,12,550
465,162.0,465,20,1.720507887000167,12,550
466,162.0,466,20,1.7230556750000687,12,550
467,162.0,467,20,1.7281118020000577,12,550
468,162.0,468,20,1.7306404179998935,12,550
469,162.0,469,20,1.7332482990004792,12,550
470,162.0,470,20,1.7357747539999764,12,550
471,162.0,471,20,1.738344170000346,12,550
472,162.0,472,20,1.740870200000245,12,550
473,162.0,473,20,1.7434310859998732,12,550
474,164.0,474,20,1.7460569149998264,12,550
475,164.0,475,20,1.7486223300002166,12,550
476,164.0,476,20,1.7536403220001375,12,550
477,164.0,477,20,1.7587112330002128,12,550
478,164.0,478,20,1.761367084000085,12,550
479,164.0,479,20,1.7639020950000486,12,550
480,166.0,480,20,1.7665344739998545,12,550
481,166.0,481,20,1.7690348790001735,12,550
482,166.0,482,20,1.77160670900048,12,550
483,166.0,483,20,1.7741808250002578,12,550
484,166.0,484,20,1.7767257570003494,12,550
485,166.0,485,20,1.7793795150000733,12,550
486,166.0,486,20,1.7819591659999787,12,550
487,166.0,487,20,1.7870181640000737,12,550
488,166.0,488,20,1.7896009500000218,12,550
489,166.0,489,20,1.7921662689996083,12,550
490,168.0,490,20,1.794794303999879,12,550
491,168.0,491,20,1.797324146000392,12,550
492,168.0,492,20,1.7998757599998498,12,550
493,168.0,493,20,1.8048997340001733,12,550
494,170.0,494,20,1.80743825799982,12,550
495,170.0,495,20,1.8099793709998266,12,550
496,170.0,496,20,1.812614372999633,12,550
497,170.0,497,20,1.8151379820001239,12,550
498,170.0,498,20,1.8176671530000021,12,550
499,170.0,499,20,1.8202234480004336,12,550
500,170.0,500,20,1.8227851999999984,12,550
501,170.0,501,20,1.825318039999729,12,550
502,170.0,502,20,1.827929879000294,12,550
503,170.0,503,20,1.83298029100024,12,550
504,170.0,504,20,1.8577694470004644,12,550
505,149.0,505,20,1.8602361470002506,13,550
506,149.0,506,20,1.862831092000306,13,550
507,149.0,507,20,1.8676686179996977,13,550
508,149.0,508,20,1.8701151810000738,13,550
509,149.0,509,20,1.8726672180000605,13,550
510,149.0,510,20,1.8753180619996783,13,550
511,151.0,511,20,1.8781594530000802,13,550
512,151.0,512,20,1.8806171590003942,13,550
513,151.0,513,20,1.8830539339996903,13,550
514,153.0,514,20,1.8860793789999661,13,550
515,153.0,515,20,1.889357289000145,13,550
516,153.0,516,20,1.8922427549996428,13,550
517,153.0,517,20,1.894950050999796,13,550
518,155.0,518,20,1.91187768600048,13,550
519,155.0,519,20,1.9166982269998698,13,550
520,155.0,520,20,1.9213912410004923,13,550
521,155.0,521,20,1.9254757799999425,13,550
522,155.0,522,20,1.9283206990003237,13,550
523,155.0,523,20,1.9308424609998838,13,550
524,155.0,524,20,1.9333035339996059,13,550
525,155.0,525,20,1.938287666999713,13,550
526,155.0,526,20,1.941099075999773,13,550
527,155.0,527,20,1.943708654999682,13,550
528,155.0,528,20,1.9488130259996979,13,550
529,148.0,529,20,1.95137325900032,14,550
530,150.0,530,20,1.9539351200000965,14,550
531,152.0,531,20,1.9567131539997717,14,550
532,152.0,532,20,1.961929904000499,14,550
533,154.0,533,20,1.9645307439996031,14,550
534,154.0,534,20,1.9671154930001649,14,550
535,154.0,535,20,1.969644810000318,14,550
536,156.0,536,20,1.97225963100027,14,550
537,156.0,537,20,1.974931351000123,14,550
538,156.0,538,20,1.977632285999789,14,550
539,156.0,539,20,1.9803140479998547,14,550
540,156.0,540,20,1.983002070999646,14,550
541,156.0,541,20,1.985649404000469,14,550
542,156.0,542,20,1.988247956000123,14,550
543,156.0,543,20,2.004557248999845,14,550
544,156.0,544,20,2.0097252409996145,14,550
545,156.0,545,20,2.014907452999978,14,550
546,156.0,546,20,2.0199482950001766,14,550
547,154.0,547,20,2.0226190359999237,15,550
548,154.0,548,20,2.0279389879997325,15,550
549,154.0,549,20,2.0305001690003337,15,550
550,154.0,550,20,2.033089595999627,15,550
551,154.0,551,20,2.038161290000062,15,550
552,156.0,552,20,2.0408024070002284,15,550
553,156.0,553,20,2.043400092000411,15,550
554,156.0,554,20,2.0477844170000026,15,550
555,156.0,555,20,2.051653573999829,15,550
556,158.0,556,20,2.0542229849997966,15,550
557,158.0,557,20,2.0567736829998466,15,550
558,158.0,558,20,2.059282096000061,15,550
559,158.0,559,20,2.0618311640000684,15,550
560,160.0,560,20,2.0643500420001146,15,550
561,160.0,561,20,2.0668579949997365,15,550
562,160.0,562,20,2.0848107900001196,15,550
563,160.0,563,20,2.089654244000485,15,550
564,160.0,564,20,2.0921949020003012,15,550
565,162.0,565,20,2.094960682000419,15,550
566,164.0,566,20,2.0975149189998774,15,550
567,164.0,567,20,2.100019415999668,15,550
568,164.0,568,20,2.105000509999627,15,550
569,164.0,569,20,2.107500992000496,15,550
570,164.0,570,20,2.110220732000016,15,550
571,164.0,571,20,2.1128712769996127,15,550
572,164.0,572,20,2.1178640520001863,15,550
573,164.0,573,20,2.1203842200002327,15,550
574,164.0,574,20,2.1228940849996434,15,550
575,164.0,575,20,2.1254276270001355,15,550
576,164.0,576,20,2.1304879210001673,15,550
577,152.0,577,20,2.1329842149998512,16,550
578,152.0,578,20,2.13549712799977,16,550
579,152.0,579,20,2.1380103009996674,16,550
580,154.0,580,20,2.140572291999888,16,550
581,154.0,581,20,2.1456149890000233,16,550
582,154.0,582,20,2.1505755670004874,16,550
583,154.0,583,20,2.1532129919996805,16,550
584,154.0,584,20,2.1557451270000456,16,550
585,156.0,585,20,2.1582469710001533,16,550
586,156.0,586,20,2.1608449940003993,16,550
587,156.0,587,20,2.1633577700004025,16,550
588,158.0,588,20,2.1658695280002576,16,550
589,158.0,589,20,2.1683642420002798,16,550
590,158.0,590,20,2.1709555549996367,16,550
591,158.0,591,20,2.173460191000231,16,550
592,158.0,592,20,2.1760605480003505,16,550
593,158.0,593,20,2.1923523880004723,16,550
594,158.0,594,20,2.1967550919998757,16,550
595,158.0,595,20,2.2013597840004877,16,550
596,160.0,596,20,2.203895685000134,16,550
597,160.0,597,20,2.208888936999756,16,550
598,160.0,598,20,2.211570608999864,16,550
599,162.0,599,20,2.2140734880003947,16,550
600,162.0,600,20,2.216627587000403,16,550
601,162.0,601,20,2.2191463369999838,16,550
602,162.0,602,20,2.2242164649996994,16,550
603,162.0,603,20,2.2267313849997663,16,550
604,162.0,604,20,2.2293855010002517,16,550
605,164.0,605,20,2.234430673999668,16,550
606,164.0,606,20,2.236995193000439,16,550
607,164.0,607,20,2.239562945000216,16,550
608,164.0,608,20,2.2421195260003515,16,550
609,164.0,609,20,2.2447170420000475,16,550
610,164.0,610,20,2.2473412230001486,16,550
611,164.0,611,20,2.2498617580004066,16,550
612,164.0,612,20,2.252405387000181,16,550
613,164.0,613,20,2.2574098470004174,16,550
614,164.0,614,20,2.2599766270004693,16,550
615,164.0,615,20,2.262597077000464,16,550
616,150.0,616,20,2.267751964999661,17,550
617,150.0,617,20,2.2702858900001956,17,550
618,150.0,618,20,2.27444856800048,17,550
619,150.0,619,20,2.277271496999674,17,550
620,152.0,620,20,2.279816547000337,17,550
621,152.0,621,20,2.282650731999638,17,550
622,152.0,622,20,2.2880654259997755,17,550
623,152.0,623,20,2.2906273099997634,17,550
624,152.0,624,20,2.293134640000062,17,550
625,152.0,625,20,2.2957458110004154,17,550
626,152.0,626,20,2.2982441699996343,17,550
627,152.0,627,20,2.3007499109999117,17,550
628,152.0,628,20,2.303293912999834,17,550
629,152.0,629,20,2.305803489000027,17,550
630,152.0,630,20,2.308341439000287,17,550
631,144.0,631,20,2.3109599620001973,18,550
632,144.0,632,20,2.31347902699963,18,550
633,144.0,633,20,2.332400780000171,18,550
634,146.0,634,20,2.337780081999881,18,550
635,146.0,635,20,2.3404163100003643,18,550
636,148.0,636,20,2.3430753009997716,18,550
637,148.0,637,20,2.345677541999976,18,550
638,148.0,638,20,2.350770680000096,18,550
639,150.0,639,20,2.353303517999848,18,550
640,152.0,640,20,2.3558501139996224,18,550
641,154.0,641,20,2.3583388150000246,18,550
642,154.0,642,20,2.3608277729999827,18,550
643,154.0,643,20,2.3634190579996357,18,550
644,154.0,644,20,2.3659001730002274,18,550
645,154.0,645,20,2.368383824000375,18,550
646,154.0,646,20,2.370926065999811,18,550
647,154.0,647,20,2.3734856290002426,18,550
648,154.0,648,20,2.375986127000033,18,550
649,154.0,649,20,2.3951743959996747,18,550
650,156.0,650,20,2.4046973929998785,18,550
651,156.0,651,20,2.4081729079998695,18,550
652,156.0,652,20,2.4109858199999508,18,550
653,158.0,653,20,2.416246503000366,18,550
654,158.0,654,20,2.4188015890003953,18,550
655,158.0,655,20,2.424161355000251,18,550
656,158.0,656,20,2.4267091609999625,18,550
657,158.0,657,20,2.429507236999598,18,550
658,160.0,658,20,2.434509796000384,18,550
659,160.0,659,20,2.4396086859997013,18,550
660,160.0,660,20,2.445214606999798,18,550
661,160.0,661,20,2.447753348000333,18,550
662,160.0,662,20,2.450270405000083,18,550
663,160.0,663,20,2.452832449000198,18,550
664,160.0,664,20,2.4553371660003904,18,550
665,162.0,665,20,2.45821789799993,18,550
666,162.0,666,20,2.460796596000364,18,550
667,162.0,667,20,2.463491796999733,18,550
668,162.0,668,20,2.466015093000351,18,550
669,162.0,669,20,2.471027552999658,18,550
670,162.0,670,20,2.4738902389999566,18,550
671,162.0,671,20,2.4764354119997734,18,550
672,164.0,672,20,2.48177024800043,18,550
673,164.0,673,20,2.484338406000461,18,550
674,166.0,674,20,2.4869481910000104,18,550
675,166.0,675,20,2.4897515160000694,18,550
676,166.0,676,20,2.4923940480002784,18,550
677,166.0,677,20,2.4977830560001166,18,550
678,166.0,678,20,2.500400554999942,18,550
679,166.0,679,20,2.5029705599999943,18,550
680,166.0,680,20,2.5055666890002612,18,550
681,166.0,681,20,2.508347318000233,18,550
682,166.0,682,20,2.5109310389998427,18,550
683,166.0,683,20,2.5135775400003695,18,550
684,166.0,684,20,2.5197337190002145,18,550
685,136.0,685,20,2.522396203000426,19,550
686,138.0,686,20,2.525139641000351,19,550
687,138.0,687,20,2.527727274999961,19,550
688,138.0,688,20,2.530313811000269,19,550
689,138.0,689,20,2.532879287000469,19,550
690,140.0,690,20,2.535447211999781,19,550
691,140.0,691,20,2.5405682829996294,19,550
692,140.0,692,20,2.5431636069997694,19,550
693,140.0,693,20,2.5482637499999328,19,550
694,140.0,694,20,2.550867613000264,19,550
695,140.0,695,20,2.5534318449999773,19,550
696,140.0,696,20,2.5559836869997525,19,550
697,140.0,697,20,2.5585714210001242,19,550
698,140.0,698,20,2.5611575479997555,19,550
699,140.0,699,20,2.5637697980000667,19,550
700,140.0,700,20,2.5817853469998227,19,550
701,141.0,701,20,2.5843889460002174,20,550
702,141.0,702,20,2.5869628729997203,20,550
703,141.0,703,20,2.5895727079996504,20,550
704,143.0,704,20,2.6076287659998343,20,550
705,143.0,705,20,2.613608319999912,20,550
706,143.0,706,20,2.6188128980002148,20,550
707,143.0,707,20,2.6213481320000938,20,550
708,143.0,708,20,2.6238439620001373,20,550
709,145.0,709,20,2.6263701500001844,20,550
710,145.0,710,20,2.6313904790004017,20,550
711,147.0,711,20,2.6338988520001294,20,550
712,147.0,712,20,2.636732637000023,20,550
713,147.0,713,20,2.6392571280002812,20,550
714,147.0,714,20,2.641772836999735,20,550
715,147.0,715,20,2.64430803400046,20,550
716,147.0,716,20,2.646865249000257,20,550
717,147.0,717,20,2.6493869650003035,20,550
718,149.0,718,20,2.6518870769996283,20,550
719,149.0,719,20,2.6544036329996743,20,550
720,149.0,720,20,2.65692818000025,20,550
721,151.0,721,20,2.6759832150000875,20,550
722,153.0,722,20,2.682011689000319,20,550
723,153.0,723,20,2.684773375000077,20,550
724,153.0,724,20,2.687364041999899,20,550
725,153.0,725,20,2.6923087630002556,20,550
726,153.0,726,20,2.695108709000124,20,550
727,155.0,727,20,2.697622687999683,20,550
728,157.0,728,20,2.700165135000134,20,550
729,157.0,729,20,2.7027209360003326,20,550
730,157.0,730,20,2.7078842419996363,20,550
731,157.0,731,20,2.7104918109998835,20,550
732,157.0,732,20,2.715620537000177,20,550
733,157.0,733,20,2.718254268000237,20,550
734,157.0,734,20,2.720897760000298,20,550
735,157.0,735,20,2.7234996469996986,20,550
736,157.0,736,20,2.7261447629998656,20,550
737,157.0,737,20,2.7287943950004774,20,550
738,157.0,738,20,2.7314288389998183,20,550
